"CHROM","POS","REF","ALT","sample_id"
"chr10",101560231,"C","G","PMID32929369;P1"
"chr10",24884937,"T","A","PMID32929369;P1"
"chr10",34630636,"G","A","PMID32929369;P1"
"chr10",34630642,"G","T","PMID32929369;P1"
"chr10",50902592,"G","T","PMID32929369;P1"
"chr11",117789342,"T","C","PMID32929369;P1"
"chr11",117789345,"G","C","PMID32929369;P1"
"chr1",112269754,"G","A","PMID32929369;P1"
"chr1",12677158,"C","T","PMID32929369;P1"
"chr11",33772178,"G","A","PMID32929369;P1"
"chr1",15767070,"G","A","PMID32929369;P1"
"chr11",66264941,"G","A","PMID32929369;P1"
"chr1",169771844,"C","T","PMID32929369;P1"
"chr1",172002274,"A","T","PMID32929369;P1"
"chr11",721653,"G","A","PMID32929369;P1"
"chr1",197479987,"G","A","PMID32929369;P1"
"chr12",108604008,"G","A","PMID32929369;P1"
"chr12",110224561,"C","T","PMID32929369;P1"
"chr12",133393354,"C","T","PMID32929369;P1"
"chr12",133698194,"T","A","PMID32929369;P1"
"chr12",15103526,"C","T","PMID32929369;P1"
"chr12",20807076,"G","T","PMID32929369;P1"
"chr1",22175263,"C","T","PMID32929369;P1"
"chr1",227842735,"G","C","PMID32929369;P1"
"chr1",232172527,"G","A","PMID32929369;P1"
"chr12",41585291,"T","C","PMID32929369;P1"
"chr12",42503367,"C","T","PMID32929369;P1"
"chr12",43826231,"G","C","PMID32929369;P1"
"chr1",248512593,"C","A","PMID32929369;P1"
"chr12",55820332,"T","C","PMID32929369;P1"
"chr12",80191006,"T","C","PMID32929369;P1"
"chr12",97311468,"G","T","PMID32929369;P1"
"chr14",102476407,"A","G","PMID32929369;P1"
"chr14",105239249,"G","A","PMID32929369;P1"
"chr14",36304056,"A","G","PMID32929369;P1"
"chr1",43777390,"G","A","PMID32929369;P1"
"chr15",23889330,"C","G","PMID32929369;P1"
"chr15",40498488,"G","T","PMID32929369;P1"
"chr15",42103386,"A","ACTG","PMID32929369;P1"
"chr1",54301175,"GACAGCC","G","PMID32929369;P1"
"chr15",54542472,"C","A","PMID32929369;P1"
"chr15",62359876,"C","T","PMID32929369;P1"
"chr16",23430039,"C","G","PMID32929369;P1"
"chr16",2868970,"G","A","PMID32929369;P1"
"chr16",74726302,"A","G","PMID32929369;P1"
"chr17",18155448,"G","A","PMID32929369;P1"
"chr17",38643462,"T","C","PMID32929369;P1"
"chr17",73096398,"G","T","PMID32929369;P1"
"chr17",74011042,"G","A","PMID32929369;P1"
"chr17",7577539,"G","A","PMID32929369;P1"
"chr18",14542768,"G","T","PMID32929369;P1"
"chr18",44159709,"C","G","PMID32929369;P1"
"chr1",86252117,"C","G","PMID32929369;P1"
"chr1",87570296,"C","G","PMID32929369;P1"
"chr19",10742769,"C","T","PMID32929369;P1"
"chr19",14574668,"G","A","PMID32929369;P1"
"chr19",41063009,"G","A","PMID32929369;P1"
"chr19",47570445,"G","A","PMID32929369;P1"
"chr19",4816396,"G","A","PMID32929369;P1"
"chr19",49174089,"C","T","PMID32929369;P1"
"chr19",54079972,"A","G","PMID32929369;P1"
"chr19",9524882,"T","C","PMID32929369;P1"
"chr20",57829194,"C","G","PMID32929369;P1"
"chr2",100916300,"C","A","PMID32929369;P1"
"chr2",103335015,"G","A","PMID32929369;P1"
"chr2",179425862,"C","A","PMID32929369;P1"
"chr2",198950057,"A","T","PMID32929369;P1"
"chr22",24381774,"G","A","PMID32929369;P1"
"chr2",225339011,"T","C","PMID32929369;P1"
"chr2",234359612,"T","C","PMID32929369;P1"
"chr22",39104939,"A","G","PMID32929369;P1"
"chr2",42990233,"G","A","PMID32929369;P1"
"chr2",69642380,"T","C","PMID32929369;P1"
"chr3",130887761,"A","G","PMID32929369;P1"
"chr3",164906989,"C","A","PMID32929369;P1"
"chr3",165547651,"C","G","PMID32929369;P1"
"chr3",30029646,"G","A","PMID32929369;P1"
"chr3",47364162,"G","A","PMID32929369;P1"
"chr3",49049466,"G","A","PMID32929369;P1"
"chr3",99513955,"C","T","PMID32929369;P1"
"chr4",101950331,"G","T","PMID32929369;P1"
"chr4",142641716,"T","G","PMID32929369;P1"
"chr4",1739008,"G","A","PMID32929369;P1"
"chr4",185689483,"C","T","PMID32929369;P1"
"chr4",57181050,"G","A","PMID32929369;P1"
"chr4",83838188,"C","T","PMID32929369;P1"
"chr5",134041037,"C","T","PMID32929369;P1"
"chr5",154200850,"G","A","PMID32929369;P1"
"chr5",41158777,"C","T","PMID32929369;P1"
"chr6",143093592,"G","A","PMID32929369;P1"
"chr6",144258854,"T","A","PMID32929369;P1"
"chr6",151670760,"C","G","PMID32929369;P1"
"chr6",36293083,"G","A","PMID32929369;P1"
"chr6",88387561,"T","A","PMID32929369;P1"
"chr7",131888149,"G","T","PMID32929369;P1"
"chr7",45104183,"A","AT","PMID32929369;P1"
"chr7",4800884,"C","T","PMID32929369;P1"
"chr7",64004743,"G","T","PMID32929369;P1"
"chr7",81591809,"G","C","PMID32929369;P1"
"chr8",11282055,"G","A","PMID32929369;P1"
"chr8",11420529,"C","T","PMID32929369;P1"
"chr8",142185373,"C","G","PMID32929369;P1"
"chr8",30567332,"G","A","PMID32929369;P1"
"chr8",38273534,"G","A","PMID32929369;P1"
"chr8",42036483,"C","G","PMID32929369;P1"
"chr9",101017738,"G","A","PMID32929369;P1"
"chr9",130710445,"G","A","PMID32929369;P1"
"chr9",139745209,"C","G","PMID32929369;P1"
"chr9",15465515,"AACCTAGTT","A","PMID32929369;P1"
"chr9",21008042,"T","C","PMID32929369;P1"
"chr9",6420939,"T","A","PMID32929369;P1"
"chrX",106844537,"G","A","PMID32929369;P1"
"chrX",140985379,"C","T","PMID32929369;P1"
"chrX",152719929,"G","A","PMID32929369;P1"
"chrX",24512955,"C","G","PMID32929369;P1"
"chrX",70342401,"G","A","PMID32929369;P1"
"chrX",79286538,"C","A","PMID32929369;P1"
"chr10",135053221,"C","T","PMID32929369;P2"
"chr10",75556607,"C","T","PMID32929369;P2"
"chr10",75556626,"A","T","PMID32929369;P2"
"chr11",120008586,"C","A","PMID32929369;P2"
"chr1",119575997,"C","G","PMID32929369;P2"
"chr1",161514647,"A","G","PMID32929369;P2"
"chr11",66638351,"TCTC","T","PMID32929369;P2"
"chr1",181019247,"C","G","PMID32929369;P2"
"chr12",104396919,"C","A","PMID32929369;P2"
"chr12",56629357,"G","T","PMID32929369;P2"
"chr12",62783433,"A","G","PMID32929369;P2"
"chr13",35691563,"C","T","PMID32929369;P2"
"chr14",36780805,"A","G","PMID32929369;P2"
"chr1",44069536,"G","A","PMID32929369;P2"
"chr15",24921547,"C","A","PMID32929369;P2"
"chr15",28389843,"C","T","PMID32929369;P2"
"chr15",42731919,"C","A","PMID32929369;P2"
"chr15",48580282,"T","A","PMID32929369;P2"
"chr15",54860073,"T","C","PMID32929369;P2"
"chr1",67358925,"C","A","PMID32929369;P2"
"chr16",89871732,"T","C","PMID32929369;P2"
"chr17",7577517,"A","C","PMID32929369;P2"
"chr19",10116374,"C","T","PMID32929369;P2"
"chr19",15296325,"T","C","PMID32929369;P2"
"chr19",34710779,"A","G","PMID32929369;P2"
"chr19",50393004,"TTGCC","T","PMID32929369;P2"
"chr1",98058810,"T","A","PMID32929369;P2"
"chr20",39788777,"C","T","PMID32929369;P2"
"chr20",8665698,"AAT","A","PMID32929369;P2"
"chr2",110332232,"G","A","PMID32929369;P2"
"chr21",38496936,"G","C","PMID32929369;P2"
"chr2",15601325,"C","T","PMID32929369;P2"
"chr2",179720990,"T","A","PMID32929369;P2"
"chr2",182543076,"G","A","PMID32929369;P2"
"chr2",216177319,"G","C","PMID32929369;P2"
"chr22",21327740,"AC","A","PMID32929369;P2"
"chr22",28559294,"G","C","PMID32929369;P2"
"chr2",242149752,"C","T","PMID32929369;P2"
"chr22",45972887,"C","T","PMID32929369;P2"
"chr2",26683761,"G","A","PMID32929369;P2"
"chr2",37439491,"T","C","PMID32929369;P2"
"chr3",19479817,"G","C","PMID32929369;P2"
"chr3",56681046,"A","T","PMID32929369;P2"
"chr3",58116558,"G","A","PMID32929369;P2"
"chr4",128665903,"T","A","PMID32929369;P2"
"chr5",147693753,"T","A","PMID32929369;P2"
"chr5",169108840,"A","T","PMID32929369;P2"
"chr5",38919125,"C","G","PMID32929369;P2"
"chr5",70860689,"A","G","PMID32929369;P2"
"chr7",128317702,"C","G","PMID32929369;P2"
"chr7",150325154,"G","A","PMID32929369;P2"
"chr8",135614820,"T","C","PMID32929369;P2"
"chr8",56698869,"G","T","PMID32929369;P2"
"chr9",133280390,"G","A","PMID32929369;P2"
"chr9",428401,"G","A","PMID32929369;P2"
"chr10",124392796,"T","A","PMID32929369;P3"
"chr10",69726526,"C","T","PMID32929369;P3"
"chr11",17409218,"C","A","PMID32929369;P3"
"chr1",120459214,"C","A","PMID32929369;P3"
"chr1",14068642,"A","C","PMID32929369;P3"
"chr1",145416758,"C","T","PMID32929369;P3"
"chr1",145561208,"G","A","PMID32929369;P3"
"chr1",152733109,"C","T","PMID32929369;P3"
"chr1",16203058,"C","T","PMID32929369;P3"
"chr11",67787194,"C","T","PMID32929369;P3"
"chr1",19238558,"C","A","PMID32929369;P3"
"chr11",9985319,"C","T","PMID32929369;P3"
"chr12",15262136,"G","A","PMID32929369;P3"
"chr12",9459912,"T","A","PMID32929369;P3"
"chr13",20577083,"T","C","PMID32929369;P3"
"chr13",32761792,"G","A","PMID32929369;P3"
"chr13",36348736,"G","A","PMID32929369;P3"
"chr13",37591407,"C","T","PMID32929369;P3"
"chr14",52186876,"G","A","PMID32929369;P3"
"chr1",46726583,"G","T","PMID32929369;P3"
"chr15",68118648,"G","A","PMID32929369;P3"
"chr16",65032752,"G","A","PMID32929369;P3"
"chr16",69419541,"C","T","PMID32929369;P3"
"chr1",70758232,"C","T","PMID32929369;P3"
"chr17",17722496,"G","A","PMID32929369;P3"
"chr17",18148519,"C","T","PMID32929369;P3"
"chr17",27909039,"C","T","PMID32929369;P3"
"chr17",28601175,"T","C","PMID32929369;P3"
"chr17",41610634,"G","A","PMID32929369;P3"
"chr17",42390801,"C","T","PMID32929369;P3"
"chr17",48561885,"G","A","PMID32929369;P3"
"chr17",56352920,"C","T","PMID32929369;P3"
"chr17",62602720,"G","A","PMID32929369;P3"
"chr17",7077326,"C","T","PMID32929369;P3"
"chr17",910459,"G","T","PMID32929369;P3"
"chr18",44121796,"C","A","PMID32929369;P3"
"chr19",16630098,"C","T","PMID32929369;P3"
"chr19",17750248,"C","T","PMID32929369;P3"
"chr19",2413788,"G","A","PMID32929369;P3"
"chr19",36673862,"C","T","PMID32929369;P3"
"chr19",38855758,"G","A","PMID32929369;P3"
"chr19",41633964,"C","T","PMID32929369;P3"
"chr19",54665905,"C","T","PMID32929369;P3"
"chr19",56538818,"G","A","PMID32929369;P3"
"chr20",31627282,"C","T","PMID32929369;P3"
"chr21",30365203,"G","A","PMID32929369;P3"
"chr21",45564785,"G","A","PMID32929369;P3"
"chr2",15432776,"G","A","PMID32929369;P3"
"chr22",21073071,"A","T","PMID32929369;P3"
"chr22",24384198,"G","A","PMID32929369;P3"
"chr2",230652233,"C","A","PMID32929369;P3"
"chr2",235951458,"G","A","PMID32929369;P3"
"chr2",241724513,"C","T","PMID32929369;P3"
"chr22",45691548,"G","A","PMID32929369;P3"
"chr2",24952575,"C","G","PMID32929369;P3"
"chr2",84744988,"C","A","PMID32929369;P3"
"chr2",99170750,"C","T","PMID32929369;P3"
"chr3",189038429,"G","T","PMID32929369;P3"
"chr3",195517606,"G","A","PMID32929369;P3"
"chr3",51418653,"G","A","PMID32929369;P3"
"chr3",52441235,"G","A","PMID32929369;P3"
"chr3",52535311,"G","A","PMID32929369;P3"
"chr4",151504650,"G","A","PMID32929369;P3"
"chr4",174169356,"C","T","PMID32929369;P3"
"chr4",52862307,"G","A","PMID32929369;P3"
"chr5",131822003,"G","A","PMID32929369;P3"
"chr5",140719217,"C","T","PMID32929369;P3"
"chr5",149421428,"G","A","PMID32929369;P3"
"chr5",176684100,"C","A","PMID32929369;P3"
"chr5",52403013,"C","T","PMID32929369;P3"
"chr5",7892982,"A","T","PMID32929369;P3"
"chr6",106536128,"G","A","PMID32929369;P3"
"chr6",158066770,"G","A","PMID32929369;P3"
"chr6",160557574,"A","T","PMID32929369;P3"
"chr6",16295275,"G","A","PMID32929369;P3"
"chr6",47682786,"G","A","PMID32929369;P3"
"chr7",149191308,"C","T","PMID32929369;P3"
"chr8",19277900,"G","C","PMID32929369;P3"
"chr8",21842227,"G","T","PMID32929369;P3"
"chr8",71495462,"G","C","PMID32929369;P3"
"chr9",123752023,"T","C","PMID32929369;P3"
"chr9",128074797,"A","G","PMID32929369;P3"
"chr9",129974936,"C","T","PMID32929369;P3"
"chr9",140081972,"C","T","PMID32929369;P3"
"chr9",90219927,"G","A","PMID32929369;P3"
"chrX",114248378,"G","C","PMID32929369;P3"
"chrX",44929477,"G","A","PMID32929369;P3"
"chrX",96200586,"A","T","PMID32929369;P3"
"chr1",109808370,"G","A","PMID32929369;P4"
"chr1",113246372,"C","A","PMID32929369;P4"
"chr1",156814510,"G","A","PMID32929369;P4"
"chr14",23887578,"C","T","PMID32929369;P4"
"chr15",28326972,"C","G","PMID32929369;P4"
"chr16",29899957,"G","A","PMID32929369;P4"
"chr16",30736366,"G","A","PMID32929369;P4"
"chr18",74091243,"G","A","PMID32929369;P4"
"chr19",40399814,"A","G","PMID32929369;P4"
"chr3",50683642,"G","A","PMID32929369;P4"
"chr4",4421769,"C","T","PMID32929369;P4"
"chr5",176011851,"G","A","PMID32929369;P4"
"chr9",116060311,"G","A","PMID32929369;P4"
"chr10",113935437,"C","T","PMID32929369;P5"
"chr10",128859986,"C","G","PMID32929369;P5"
"chr10",34759170,"C","T","PMID32929369;P5"
"chr10",37422843,"G","T","PMID32929369;P5"
"chr10",43883332,"T","C","PMID32929369;P5"
"chr10",72358194,"C","A","PMID32929369;P5"
"chr10",85957568,"C","G","PMID32929369;P5"
"chr10",85992143,"A","G","PMID32929369;P5"
"chr10",88767452,"T","C","PMID32929369;P5"
"chr10",88767452,"T","C","PMID32929369;P5"
"chr1",100661825,"G","C","PMID32929369;P5"
"chr11",130078559,"G","T","PMID32929369;P5"
"chr11",30033717,"C","T","PMID32929369;P5"
"chr11",56043757,"G","T","PMID32929369;P5"
"chr11",64502614,"A","T","PMID32929369;P5"
"chr11",64519486,"G","A","PMID32929369;P5"
"chr11",6461929,"C","T","PMID32929369;P5"
"chr11",66478426,"T","G","PMID32929369;P5"
"chr1",167334752,"G","A","PMID32929369;P5"
"chr1",193104519,"A","T","PMID32929369;P5"
"chr1",197887043,"C","G","PMID32929369;P5"
"chr1",201750285,"G","C","PMID32929369;P5"
"chr1",203672939,"C","A","PMID32929369;P5"
"chr1",20972103,"G","A","PMID32929369;P5"
"chr12",109614033,"G","A","PMID32929369;P5"
"chr12",112843697,"G","A","PMID32929369;P5"
"chr12",112891097,"C","G","PMID32929369;P5"
"chr12",40814018,"C","T","PMID32929369;P5"
"chr12",93870747,"G","C","PMID32929369;P5"
"chr12",99640362,"G","GT","PMID32929369;P5"
"chr13",103474197,"G","C","PMID32929369;P5"
"chr13",110814624,"G","C","PMID32929369;P5"
"chr1",41483629,"A","T","PMID32929369;P5"
"chr1",46498026,"C","T","PMID32929369;P5"
"chr14",75143288,"C","G","PMID32929369;P5"
"chr14",94394899,"G","A","PMID32929369;P5"
"chr14",95670454,"C","G","PMID32929369;P5"
"chr15",28511096,"G","C","PMID32929369;P5"
"chr15",31862377,"C","T","PMID32929369;P5"
"chr15",35275055,"G","C","PMID32929369;P5"
"chr15",63966769,"C","T","PMID32929369;P5"
"chr15",64962553,"G","T","PMID32929369;P5"
"chr15",75012899,"C","A","PMID32929369;P5"
"chr15",88678541,"G","A","PMID32929369;P5"
"chr15",91492648,"A","G","PMID32929369;P5"
"chr16",75270799,"G","A","PMID32929369;P5"
"chr16",75563361,"C","T","PMID32929369;P5"
"chr16",89017014,"G","A","PMID32929369;P5"
"chr17",45734289,"A","G","PMID32929369;P5"
"chr1",75097426,"G","T","PMID32929369;P5"
"chr17",73274235,"T","A","PMID32929369;P5"
"chr17",7578236,"A","T","PMID32929369;P5"
"chr17",7578271,"T","A","PMID32929369;P5"
"chr18",50734132,"T","A","PMID32929369;P5"
"chr18",64218388,"T","C","PMID32929369;P5"
"chr19",11568909,"G","C","PMID32929369;P5"
"chr19",12817507,"G","A","PMID32929369;P5"
"chr19",19033511,"A","T","PMID32929369;P5"
"chr19",22154163,"A","T","PMID32929369;P5"
"chr19",2252654,"G","A","PMID32929369;P5"
"chr19",3179371,"C","G","PMID32929369;P5"
"chr19",37935809,"C","A","PMID32929369;P5"
"chr19",45781231,"G","T","PMID32929369;P5"
"chr19",56896554,"C","A","PMID32929369;P5"
"chr19",57335049,"T","G","PMID32929369;P5"
"chr19",57646302,"C","G","PMID32929369;P5"
"chr20",29965096,"C","A","PMID32929369;P5"
"chr20",33330377,"C","T","PMID32929369;P5"
"chr21",32119406,"A","G","PMID32929369;P5"
"chr21",35468597,"T","A","PMID32929369;P5"
"chr2",179397070,"G","A","PMID32929369;P5"
"chr2",183623577,"T","A","PMID32929369;P5"
"chr2",197865158,"C","G","PMID32929369;P5"
"chr2",232880251,"A","G","PMID32929369;P5"
"chr2",233271853,"G","A","PMID32929369;P5"
"chr22",41565575,"A","G","PMID32929369;P5"
"chr22",46652530,"C","A","PMID32929369;P5"
"chr2",40404900,"C","T","PMID32929369;P5"
"chr2",42556089,"A","G","PMID32929369;P5"
"chr3",101520160,"C","T","PMID32929369;P5"
"chr3",122821630,"C","A","PMID32929369;P5"
"chr3",138739224,"C","T","PMID32929369;P5"
"chr3",164712173,"C","T","PMID32929369;P5"
"chr3",176743305,"A","C","PMID32929369;P5"
"chr3",196778536,"T","G","PMID32929369;P5"
"chr3",3186343,"A","T","PMID32929369;P5"
"chr3",33866769,"G","A","PMID32929369;P5"
"chr3",44541845,"G","C","PMID32929369;P5"
"chr3",48603098,"C","A","PMID32929369;P5"
"chr3",52819099,"G","C","PMID32929369;P5"
"chr4",115597256,"G","T","PMID32929369;P5"
"chr4",170400602,"C","A","PMID32929369;P5"
"chr4",80328946,"C","G","PMID32929369;P5"
"chr5",36953826,"A","G","PMID32929369;P5"
"chr5",38924669,"C","G","PMID32929369;P5"
"chr5",53839020,"A","T","PMID32929369;P5"
"chr5",63496666,"A","T","PMID32929369;P5"
"chr5",68412425,"A","T","PMID32929369;P5"
"chr5",87502963,"T","G","PMID32929369;P5"
"chr5",94014604,"A","T","PMID32929369;P5"
"chr6",101215211,"A","T","PMID32929369;P5"
"chr6",101215212,"G","T","PMID32929369;P5"
"chr6",118556702,"G","A","PMID32929369;P5"
"chr7",111508186,"T","C","PMID32929369;P5"
"chr7",128548550,"G","A","PMID32929369;P5"
"chr7",137148302,"G","T","PMID32929369;P5"
"chr7",143421611,"G","A","PMID32929369;P5"
"chr7",150932272,"C","A","PMID32929369;P5"
"chr7",26235493,"T","C","PMID32929369;P5"
"chr7",27831848,"A","T","PMID32929369;P5"
"chr7",90042012,"G","C","PMID32929369;P5"
"chr8",110495320,"G","T","PMID32929369;P5"
"chr8",40532405,"G","A","PMID32929369;P5"
"chr8",48805860,"C","T","PMID32929369;P5"
"chr8",53092718,"C","T","PMID32929369;P5"
"chr8",59059429,"G","T","PMID32929369;P5"
"chr8",59059430,"C","T","PMID32929369;P5"
"chr8",99961356,"C","T","PMID32929369;P5"
"chr9",125863864,"A","T","PMID32929369;P5"
"chr9",139412282,"C","T","PMID32929369;P5"
"chr9",139697220,"G","A","PMID32929369;P5"
"chr9",70177785,"C","T","PMID32929369;P5"
"chr9",79888250,"C","G","PMID32929369;P5"
"chrX",100871372,"GC","G","PMID32929369;P5"
"chrX",129370588,"C","A","PMID32929369;P5"
"chr10",68940163,"G","A","PMID32929369;P6"
"chr10",73565666,"G","A","PMID32929369;P6"
"chr10",85992225,"C","T","PMID32929369;P6"
"chr10",96534963,"C","A","PMID32929369;P6"
"chr1",151502455,"G","A","PMID32929369;P6"
"chr1",16974277,"A","C","PMID32929369;P6"
"chr11",7110544,"G","A","PMID32929369;P6"
"chr11",74559303,"C","T","PMID32929369;P6"
"chr11",76371963,"A","T","PMID32929369;P6"
"chr1",197313563,"C","T","PMID32929369;P6"
"chr12",121093936,"C","T","PMID32929369;P6"
"chr1",220964877,"G","A","PMID32929369;P6"
"chr12",6753580,"C","A","PMID32929369;P6"
"chr15",72192242,"G","A","PMID32929369;P6"
"chr17",56276469,"CGGCT","C","PMID32929369;P6"
"chr17",7578523,"T","TGGCAAAACATCTTGTTGAGGGCAGGG","PMID32929369;P6"
"chr18",22902088,"G","A","PMID32929369;P6"
"chr19",9090175,"C","A","PMID32929369;P6"
"chr20",57429213,"G","A","PMID32929369;P6"
"chr2",121747917,"C","T","PMID32929369;P6"
"chr2",179699066,"G","A","PMID32929369;P6"
"chr2",218745697,"G","C","PMID32929369;P6"
"chr2",220354559,"G","A","PMID32929369;P6"
"chr2",220504454,"G","A","PMID32929369;P6"
"chr3",170204103,"C","T","PMID32929369;P6"
"chr4",126239754,"G","A","PMID32929369;P6"
"chr4",144620261,"T","C","PMID32929369;P6"
"chr5",101834362,"C","T","PMID32929369;P6"
"chr5",22078598,"A","T","PMID32929369;P6"
"chr5",86658429,"G","A","PMID32929369;P6"
"chr7",119915354,"A","T","PMID32929369;P6"
"chr8",42329645,"C","T","PMID32929369;P6"
"chr10",129903438,"T","A","PMID32929369;P7"
"chr1",104120221,"G","A","PMID32929369;P7"
"chr1",104120221,"G","A","PMID32929369;P7"
"chr1",108507396,"G","T","PMID32929369;P7"
"chr11",1017838,"G","A","PMID32929369;P7"
"chr11",121391399,"C","A","PMID32929369;P7"
"chr11",15260608,"G","C","PMID32929369;P7"
"chr11",4389035,"A","G","PMID32929369;P7"
"chr1",145562480,"C","T","PMID32929369;P7"
"chr11",55322200,"T","C","PMID32929369;P7"
"chr11",56043937,"A","C","PMID32929369;P7"
"chr11",57069367,"G","T","PMID32929369;P7"
"chr11",58190181,"A","C","PMID32929369;P7"
"chr1",190203528,"C","A","PMID32929369;P7"
"chr1",198703341,"G","C","PMID32929369;P7"
"chr12",104089380,"G","A","PMID32929369;P7"
"chr1",236212031,"G","A","PMID32929369;P7"
"chr12",78574769,"G","A","PMID32929369;P7"
"chr15",40921553,"G","T","PMID32929369;P7"
"chr15",49860478,"C","G","PMID32929369;P7"
"chr15",60724167,"T","C","PMID32929369;P7"
"chr15",62259610,"G","C","PMID32929369;P7"
"chr16",10911973,"T","C","PMID32929369;P7"
"chr16",28854364,"T","C","PMID32929369;P7"
"chr17",10400442,"T","A","PMID32929369;P7"
"chr17",7578455,"C","G","PMID32929369;P7"
"chr18",70417507,"C","T","PMID32929369;P7"
"chr19",14047274,"C","T","PMID32929369;P7"
"chr19",19681019,"C","T","PMID32929369;P7"
"chr19",22155404,"C","T","PMID32929369;P7"
"chr19",49107037,"T","C","PMID32929369;P7"
"chr19",49601737,"G","A","PMID32929369;P7"
"chr19",55451739,"C","T","PMID32929369;P7"
"chr20",13053015,"G","C","PMID32929369;P7"
"chr20",58443582,"C","G","PMID32929369;P7"
"chr2",105473124,"G","T","PMID32929369;P7"
"chr2",106509592,"A","T","PMID32929369;P7"
"chr21",15746285,"T","A","PMID32929369;P7"
"chr2",158157237,"G","A","PMID32929369;P7"
"chr2",172965650,"C","T","PMID32929369;P7"
"chr2",212578289,"C","T","PMID32929369;P7"
"chr2",223161851,"C","T","PMID32929369;P7"
"chr22",42910199,"G","A","PMID32929369;P7"
"chr3",124709649,"C","T","PMID32929369;P7"
"chr3",145788867,"T","C","PMID32929369;P7"
"chr3",164906037,"C","T","PMID32929369;P7"
"chr3",195511592,"T","A","PMID32929369;P7"
"chr3",73453323,"A","T","PMID32929369;P7"
"chr4",74270067,"C","T","PMID32929369;P7"
"chr4",81866024,"T","G","PMID32929369;P7"
"chr4",96051038,"T","A","PMID32929369;P7"
"chr5",140744492,"C","G","PMID32929369;P7"
"chr5",16177851,"AT","A","PMID32929369;P7"
"chr5",39389955,"T","C","PMID32929369;P7"
"chr5",45262043,"G","A","PMID32929369;P7"
"chr6",152501320,"G","T","PMID32929369;P7"
"chr6",3273360,"GGCCCGAGTAGT","G","PMID32929369;P7"
"chr6",36168113,"G","A","PMID32929369;P7"
"chr7",123101452,"C","T","PMID32929369;P7"
"chr7",155599202,"C","T","PMID32929369;P7"
"chr7",30491169,"C","A","PMID32929369;P7"
"chr7",64389012,"G","T","PMID32929369;P7"
"chr7",78256517,"C","T","PMID32929369;P7"
"chr7",92761504,"G","T","PMID32929369;P7"
"chr8",144808713,"A","G","PMID32929369;P7"
"chr8",145732204,"C","T","PMID32929369;P7"
"chr8",57905817,"C","A","PMID32929369;P7"
"chr8",82627318,"T","C","PMID32929369;P7"
"chr9",116060134,"G","A","PMID32929369;P7"
"chr9",75407177,"C","T","PMID32929369;P7"
"chr9",88190296,"T","C","PMID32929369;P7"
"chrX",110968181,"A","T","PMID32929369;P7"
"chrX",153171483,"C","A","PMID32929369;P7"
"chrX",69262201,"G","A","PMID32929369;P7"
"chrX",90690690,"C","G","PMID32929369;P7"
"chr10",101964866,"T","C","PMID32929369;P8"
"chr10",104263992,"C","T","PMID32929369;P8"
"chr10",121436509,"A","T","PMID32929369;P8"
"chr10",124800728,"G","A","PMID32929369;P8"
"chr10",133961495,"G","A","PMID32929369;P8"
"chr10",64968296,"C","G","PMID32929369;P8"
"chr10",69714859,"T","C","PMID32929369;P8"
"chr10",79601826,"T","A","PMID32929369;P8"
"chr10",94669278,"C","T","PMID32929369;P8"
"chr10",94773965,"G","A","PMID32929369;P8"
"chr11",100812556,"G","A","PMID32929369;P8"
"chr11",118404137,"C","T","PMID32929369;P8"
"chr1",112042968,"G","T","PMID32929369;P8"
"chr1",11983388,"C","G","PMID32929369;P8"
"chr1",11983418,"C","G","PMID32929369;P8"
"chr11",22696507,"C","T","PMID32929369;P8"
"chr11",36614233,"G","A","PMID32929369;P8"
"chr1",14107426,"C","T","PMID32929369;P8"
"chr1",151538648,"G","A","PMID32929369;P8"
"chr11",56344977,"G","A","PMID32929369;P8"
"chr11",57317521,"CA","C","PMID32929369;P8"
"chr1",160389038,"G","A","PMID32929369;P8"
"chr11",61111673,"G","GA","PMID32929369;P8"
"chr11",65380818,"C","T","PMID32929369;P8"
"chr11",7530983,"G","A","PMID32929369;P8"
"chr11",78467912,"G","C","PMID32929369;P8"
"chr1",180061769,"G","C","PMID32929369;P8"
"chr1",20998506,"C","G","PMID32929369;P8"
"chr12",105568100,"C","T","PMID32929369;P8"
"chr12",11420963,"G","A","PMID32929369;P8"
"chr1",211545704,"G","C","PMID32929369;P8"
"chr1",211952387,"C","G","PMID32929369;P8"
"chr12",132426388,"G","A","PMID32929369;P8"
"chr12",14849165,"C","G","PMID32929369;P8"
"chr12",23999065,"C","A","PMID32929369;P8"
"chr1",228543879,"A","G","PMID32929369;P8"
"chr1",247614981,"T","G","PMID32929369;P8"
"chr12",53237935,"G","C","PMID32929369;P8"
"chr1",26190267,"G","A","PMID32929369;P8"
"chr12",6709785,"G","C","PMID32929369;P8"
"chr12",75905373,"G","A","PMID32929369;P8"
"chr12",75905374,"C","A","PMID32929369;P8"
"chr13",113030755,"G","C","PMID32929369;P8"
"chr13",21418019,"G","C","PMID32929369;P8"
"chr13",41515451,"G","C","PMID32929369;P8"
"chr1",43042712,"G","T","PMID32929369;P8"
"chr14",31856458,"C","G","PMID32929369;P8"
"chr14",42357131,"T","A","PMID32929369;P8"
"chr14",62212513,"G","C","PMID32929369;P8"
"chr14",64596837,"G","C","PMID32929369;P8"
"chr14",65008020,"C","A","PMID32929369;P8"
"chr14",74413309,"C","T","PMID32929369;P8"
"chr15",23890507,"G","A","PMID32929369;P8"
"chr16",68714926,"C","T","PMID32929369;P8"
"chr17",39673402,"T","C","PMID32929369;P8"
"chr17",4008102,"G","C","PMID32929369;P8"
"chr17",40575013,"G","GC","PMID32929369;P8"
"chr17",42272026,"C","T","PMID32929369;P8"
"chr17",4535537,"T","C","PMID32929369;P8"
"chr17",46670537,"C","T","PMID32929369;P8"
"chr17",58143719,"C","T","PMID32929369;P8"
"chr1",76276481,"G","A","PMID32929369;P8"
"chr17",67255895,"T","A","PMID32929369;P8"
"chr17",7473771,"A","G","PMID32929369;P8"
"chr17",7576923,"AGTG","A","PMID32929369;P8"
"chr17",7576927,"CT","C","PMID32929369;P8"
"chr17",7807811,"G","C","PMID32929369;P8"
"chr1",86913459,"CA","C","PMID32929369;P8"
"chr18",71749232,"C","G","PMID32929369;P8"
"chr18",8379234,"G","T","PMID32929369;P8"
"chr19",22942365,"C","A","PMID32929369;P8"
"chr1",93307414,"G","C","PMID32929369;P8"
"chr19",51890472,"C","T","PMID32929369;P8"
"chr19",53304494,"G","C","PMID32929369;P8"
"chr19",55711822,"G","A","PMID32929369;P8"
"chr19",56952542,"C","G","PMID32929369;P8"
"chr19",58772310,"G","T","PMID32929369;P8"
"chr20",32436342,"C","T","PMID32929369;P8"
"chr20",3766874,"T","A","PMID32929369;P8"
"chr20",47628613,"A","T","PMID32929369;P8"
"chr20",61525870,"C","T","PMID32929369;P8"
"chr2",111425146,"C","A","PMID32929369;P8"
"chr2",113081841,"A","AT","PMID32929369;P8"
"chr21",31588194,"C","G","PMID32929369;P8"
"chr2",136261987,"G","C","PMID32929369;P8"
"chr21",45681141,"A","G","PMID32929369;P8"
"chr2",166011129,"CA","C","PMID32929369;P8"
"chr2",169711971,"G","T","PMID32929369;P8"
"chr2",17962975,"C","G","PMID32929369;P8"
"chr2",189434008,"G","A","PMID32929369;P8"
"chr2",206165274,"G","A","PMID32929369;P8"
"chr2",206892955,"G","C","PMID32929369;P8"
"chr2",206892998,"G","C","PMID32929369;P8"
"chr2",219868945,"C","T","PMID32929369;P8"
"chr22",26239804,"G","A","PMID32929369;P8"
"chr22",36710335,"T","C","PMID32929369;P8"
"chr2",24247041,"G","A","PMID32929369;P8"
"chr2",26671663,"G","C","PMID32929369;P8"
"chr2",39090504,"C","G","PMID32929369;P8"
"chr2",44566418,"C","G","PMID32929369;P8"
"chr2",63053226,"C","A","PMID32929369;P8"
"chr2",79254209,"G","T","PMID32929369;P8"
"chr2",99689523,"G","A","PMID32929369;P8"
"chr3",100963610,"G","T","PMID32929369;P8"
"chr3",110841025,"G","T","PMID32929369;P8"
"chr3",127411124,"C","T","PMID32929369;P8"
"chr3",127981062,"A","C","PMID32929369;P8"
"chr3",186333516,"G","T","PMID32929369;P8"
"chr3",46490431,"G","A","PMID32929369;P8"
"chr3",48631879,"C","A","PMID32929369;P8"
"chr4",134072953,"C","G","PMID32929369;P8"
"chr4",169212982,"G","A","PMID32929369;P8"
"chr4",72363219,"A","G","PMID32929369;P8"
"chr4",74017179,"C","T","PMID32929369;P8"
"chr5",102515749,"G","C","PMID32929369;P8"
"chr5",102522126,"C","T","PMID32929369;P8"
"chr5",150276038,"A","G","PMID32929369;P8"
"chr5",36975902,"A","T","PMID32929369;P8"
"chr5",54528190,"T","C","PMID32929369;P8"
"chr5",60455904,"G","A","PMID32929369;P8"
"chr6",116758362,"A","T","PMID32929369;P8"
"chr6",118635217,"C","A","PMID32929369;P8"
"chr6",128304508,"C","T","PMID32929369;P8"
"chr6",132198210,"C","T","PMID32929369;P8"
"chr6",17855849,"C","T","PMID32929369;P8"
"chr6",25520507,"A","G","PMID32929369;P8"
"chr6",28213641,"A","T","PMID32929369;P8"
"chr6",5369006,"G","A","PMID32929369;P8"
"chr6",62757802,"G","A","PMID32929369;P8"
"chr6",65612096,"C","G","PMID32929369;P8"
"chr7",105254638,"C","T","PMID32929369;P8"
"chr7",1131924,"C","G","PMID32929369;P8"
"chr7",121726221,"C","A","PMID32929369;P8"
"chr7",149983542,"C","T","PMID32929369;P8"
"chr7",26224861,"C","T","PMID32929369;P8"
"chr7",36459014,"G","T","PMID32929369;P8"
"chr7",88963897,"C","T","PMID32929369;P8"
"chr8",101074924,"G","C","PMID32929369;P8"
"chr8",108913384,"G","C","PMID32929369;P8"
"chr8",113585788,"C","A","PMID32929369;P8"
"chr8",142504974,"C","T","PMID32929369;P8"
"chr8",145624001,"C","G","PMID32929369;P8"
"chr8",16884864,"G","C","PMID32929369;P8"
"chr8",1893732,"C","T","PMID32929369;P8"
"chr8",37702331,"G","A","PMID32929369;P8"
"chr8",37728941,"G","A","PMID32929369;P8"
"chr8",67790922,"G","C","PMID32929369;P8"
"chr9",114090026,"C","A","PMID32929369;P8"
"chr9",123911023,"G","C","PMID32929369;P8"
"chr9",123912463,"G","T","PMID32929369;P8"
"chr9",130442488,"G","T","PMID32929369;P8"
"chr9",131285946,"G","C","PMID32929369;P8"
"chr9",131286051,"G","C","PMID32929369;P8"
"chr9",133963004,"G","A","PMID32929369;P8"
"chr9",138376687,"G","C","PMID32929369;P8"
"chr9",139402794,"C","T","PMID32929369;P8"
"chr9",71866215,"G","C","PMID32929369;P8"
"chr9",94171819,"G","C","PMID32929369;P8"
"chr9",97321369,"G","A","PMID32929369;P8"
"chr9",97897645,"T","G","PMID32929369;P8"
"chrX",76919032,"A","G","PMID32929369;P8"
"chrX",78616654,"C","G","PMID32929369;P8"
"chrX",84586000,"T","C","PMID32929369;P8"
"chr10",18254530,"G","T","PMID32929369;P9"
"chr10",87482791,"G","A","PMID32929369;P9"
"chr1",113636074,"A","G","PMID32929369;P9"
"chr11",55904920,"G","C","PMID32929369;P9"
"chr1",160309713,"C","A","PMID32929369;P9"
"chr11",65792795,"G","C","PMID32929369;P9"
"chr1",183201398,"C","G","PMID32929369;P9"
"chr1",196658693,"G","A","PMID32929369;P9"
"chr1",197160962,"C","A","PMID32929369;P9"
"chr12",16377492,"A","C","PMID32929369;P9"
"chr12",2061913,"T","C","PMID32929369;P9"
"chr1",237777667,"G","A","PMID32929369;P9"
"chr12",49397692,"G","C","PMID32929369;P9"
"chr12",52636842,"G","A","PMID32929369;P9"
"chr12",64041091,"G","T","PMID32929369;P9"
"chr12",8084065,"T","A","PMID32929369;P9"
"chr13",32930597,"A","G","PMID32929369;P9"
"chr14",55609355,"G","A","PMID32929369;P9"
"chr14",70634388,"G","A","PMID32929369;P9"
"chr15",51834611,"G","C","PMID32929369;P9"
"chr15",65621284,"G","A","PMID32929369;P9"
"chr15",68124613,"G","C","PMID32929369;P9"
"chr15",75816588,"G","C","PMID32929369;P9"
"chr16",57786773,"G","A","PMID32929369;P9"
"chr16",74334095,"A","G","PMID32929369;P9"
"chr17",26912160,"G","A","PMID32929369;P9"
"chr17",3495569,"C","A","PMID32929369;P9"
"chr17",42164876,"C","A","PMID32929369;P9"
"chr17",43311068,"A","G","PMID32929369;P9"
"chr17",7576636,"C","CTTT","PMID32929369;P9"
"chr17",7578406,"C","T","PMID32929369;P9"
"chr18",9122620,"C","T","PMID32929369;P9"
"chr19",35850408,"C","T","PMID32929369;P9"
"chr19",58371221,"A","G","PMID32929369;P9"
"chr20",37546910,"C","A","PMID32929369;P9"
"chr20",42315583,"G","A","PMID32929369;P9"
"chr20",44351112,"G","T","PMID32929369;P9"
"chr2",1263154,"G","A","PMID32929369;P9"
"chr21",47615637,"C","A","PMID32929369;P9"
"chr2",179454255,"A","G","PMID32929369;P9"
"chr2",179504795,"G","A","PMID32929369;P9"
"chr2",228769648,"C","G","PMID32929369;P9"
"chr2",46985943,"A","G","PMID32929369;P9"
"chr2",69049896,"G","A","PMID32929369;P9"
"chr2",70047934,"C","T","PMID32929369;P9"
"chr2",86678274,"G","T","PMID32929369;P9"
"chr2",97215510,"A","C","PMID32929369;P9"
"chr3",119462961,"G","A","PMID32929369;P9"
"chr3",172835168,"C","G","PMID32929369;P9"
"chr3",45557663,"G","A","PMID32929369;P9"
"chr4",104640374,"A","C","PMID32929369;P9"
"chr4",20728955,"A","AT","PMID32929369;P9"
"chr4",40245196,"G","A","PMID32929369;P9"
"chr4",83347729,"T","C","PMID32929369;P9"
"chr5",150931077,"T","C","PMID32929369;P9"
"chr6",170102911,"A","G","PMID32929369;P9"
"chr6",27277138,"C","CT","PMID32929369;P9"
"chr6",43171159,"G","T","PMID32929369;P9"
"chr7",127253920,"G","A","PMID32929369;P9"
"chr7",128399011,"G","A","PMID32929369;P9"
"chr7",134719231,"C","G","PMID32929369;P9"
"chr7",142561811,"G","A","PMID32929369;P9"
"chr7",84642151,"C","T","PMID32929369;P9"
"chr7",892461,"C","T","PMID32929369;P9"
"chr8",100127994,"A","G","PMID32929369;P9"
"chr8",113812449,"C","T","PMID32929369;P9"
"chr8",133036995,"C","A","PMID32929369;P9"
"chr8",142367693,"C","T","PMID32929369;P9"
"chr8",146067145,"AT","A","PMID32929369;P9"
"chr8",2944669,"C","T","PMID32929369;P9"
"chr8",56436207,"C","A","PMID32929369;P9"
"chr8",64100047,"C","G","PMID32929369;P9"
"chr9",103066048,"G","A","PMID32929369;P9"
"chr9",135862106,"C","T","PMID32929369;P9"
"chrX",48846277,"G","C","PMID32929369;P9"
"chrX",50378040,"T","G","PMID32929369;P9"
"chr10",101462331,"A","G","PMID32929369;P10"
"chr10",26570005,"G","T","PMID32929369;P10"
"chr10",32856737,"C","G","PMID32929369;P10"
"chr1",118624156,"C","T","PMID32929369;P10"
"chr11",3128578,"C","T","PMID32929369;P10"
"chr11",33369205,"G","T","PMID32929369;P10"
"chr11",56086247,"T","G","PMID32929369;P10"
"chr11",59211013,"C","A","PMID32929369;P10"
"chr1",16475441,"C","T","PMID32929369;P10"
"chr11",77921755,"G","A","PMID32929369;P10"
"chr1",192998750,"C","G","PMID32929369;P10"
"chr1",193121570,"T","C","PMID32929369;P10"
"chr12",125435308,"C","T","PMID32929369;P10"
"chr12",133241981,"T","A","PMID32929369;P10"
"chr1",236751262,"T","C","PMID32929369;P10"
"chr12",42491751,"C","T","PMID32929369;P10"
"chr1",247695500,"G","T","PMID32929369;P10"
"chr1",248085091,"A","C","PMID32929369;P10"
"chr13",41947837,"A","G","PMID32929369;P10"
"chr14",21486930,"C","T","PMID32929369;P10"
"chr14",69358938,"C","T","PMID32929369;P10"
"chr1",49000562,"C","A","PMID32929369;P10"
"chr15",73635941,"G","A","PMID32929369;P10"
"chr16",2326714,"G","T","PMID32929369;P10"
"chr16",50707784,"G","A","PMID32929369;P10"
"chr16",66420780,"C","A","PMID32929369;P10"
"chr17",37360857,"G","T","PMID32929369;P10"
"chr17",51902354,"G","A","PMID32929369;P10"
"chr17",62080147,"C","T","PMID32929369;P10"
"chr17",7577120,"C","T","PMID32929369;P10"
"chr1",82409404,"C","A","PMID32929369;P10"
"chr18",2740788,"T","A","PMID32929369;P10"
"chr18",31323104,"A","C","PMID32929369;P10"
"chr19",13372353,"C","A","PMID32929369;P10"
"chr19",39880719,"C","A","PMID32929369;P10"
"chr19",58198626,"G","A","PMID32929369;P10"
"chr20",36149740,"G","A","PMID32929369;P10"
"chr20",60772970,"G","C","PMID32929369;P10"
"chr2",179451489,"T","C","PMID32929369;P10"
"chr2",201719797,"G","C","PMID32929369;P10"
"chr2",212251724,"C","T","PMID32929369;P10"
"chr2",242371106,"A","T","PMID32929369;P10"
"chr22",50658787,"G","A","PMID32929369;P10"
"chr3",111795919,"C","T","PMID32929369;P10"
"chr3",130992415,"G","T","PMID32929369;P10"
"chr3",183860594,"G","A","PMID32929369;P10"
"chr3",69112597,"C","T","PMID32929369;P10"
"chr4",155176691,"G","T","PMID32929369;P10"
"chr4",162306914,"C","A","PMID32929369;P10"
"chr4",37857296,"T","G","PMID32929369;P10"
"chr4",68777220,"C","T","PMID32929369;P10"
"chr6",116600669,"C","T","PMID32929369;P10"
"chr6",127469860,"G","T","PMID32929369;P10"
"chr6",26509116,"A","G","PMID32929369;P10"
"chr7",123599572,"C","T","PMID32929369;P10"
"chr7",141952078,"T","G","PMID32929369;P10"
"chr7",63982764,"C","A","PMID32929369;P10"
"chr8",126094659,"G","C","PMID32929369;P10"
"chr8",59547913,"T","C","PMID32929369;P10"
"chr8",77767214,"C","A","PMID32929369;P10"
"chr9",13150632,"G","A","PMID32929369;P10"
"chrX",101912363,"A","G","PMID32929369;P10"
"chrX",79279642,"C","T","PMID32929369;P10"
"chr10",129877960,"G","T","PMID32929369;P11"
"chr10",135378990,"C","A","PMID32929369;P11"
"chr11",18762341,"T","C","PMID32929369;P11"
"chr1",157738219,"T","G","PMID32929369;P11"
"chr11",59132590,"G","T","PMID32929369;P11"
"chr1",159827981,"G","A","PMID32929369;P11"
"chr11",62996859,"C","T","PMID32929369;P11"
"chr1",19992254,"C","A","PMID32929369;P11"
"chr1",208215620,"C","T","PMID32929369;P11"
"chr12",14019004,"C","T","PMID32929369;P11"
"chr12",15661516,"G","T","PMID32929369;P11"
"chr12",48249474,"C","T","PMID32929369;P11"
"chr12",53298699,"G","A","PMID32929369;P11"
"chr1",40525800,"C","G","PMID32929369;P11"
"chr14",23564260,"T","G","PMID32929369;P11"
"chr14",51378885,"G","A","PMID32929369;P11"
"chr14",71197218,"C","T","PMID32929369;P11"
"chr15",41812900,"C","T","PMID32929369;P11"
"chr16",58575491,"A","G","PMID32929369;P11"
"chr17",45994250,"G","T","PMID32929369;P11"
"chr18",44560624,"C","T","PMID32929369;P11"
"chr1",879348,"C","T","PMID32929369;P11"
"chr1",93303021,"G","T","PMID32929369;P11"
"chr19",57802138,"C","T","PMID32929369;P11"
"chr19",58059027,"C","A","PMID32929369;P11"
"chr20",13279751,"G","A","PMID32929369;P11"
"chr20",44437805,"G","A","PMID32929369;P11"
"chr21",37602875,"C","T","PMID32929369;P11"
"chr3",130887720,"A","G","PMID32929369;P11"
"chr3",48502144,"G","A","PMID32929369;P11"
"chr5",14492908,"C","T","PMID32929369;P11"
"chr5",24535933,"T","A","PMID32929369;P11"
"chr6",25924068,"A","G","PMID32929369;P11"
"chr6",76713638,"G","A","PMID32929369;P11"
"chr10",105778640,"C","T","PMID32929369;P12"
"chr10",105817910,"T","C","PMID32929369;P12"
"chr10",63957813,"G","A","PMID32929369;P12"
"chr10",74658754,"C","T","PMID32929369;P12"
"chr10",93778679,"C","G","PMID32929369;P12"
"chr1",109714615,"A","G","PMID32929369;P12"
"chr11",111367977,"G","A","PMID32929369;P12"
"chr11",129992310,"A","G","PMID32929369;P12"
"chr11",133789947,"G","A","PMID32929369;P12"
"chr11",68115620,"G","A","PMID32929369;P12"
"chr11",72408052,"G","A","PMID32929369;P12"
"chr1",173822641,"C","A","PMID32929369;P12"
"chr11",89531591,"C","A","PMID32929369;P12"
"chr1",198665860,"G","A","PMID32929369;P12"
"chr12",104033953,"G","T","PMID32929369;P12"
"chr12",120599766,"C","T","PMID32929369;P12"
"chr12",12278229,"C","G","PMID32929369;P12"
"chr1",244218313,"G","T","PMID32929369;P12"
"chr1",246498742,"T","C","PMID32929369;P12"
"chr12",56572601,"G","A","PMID32929369;P12"
"chr12",57346694,"C","T","PMID32929369;P12"
"chr12",78400289,"C","G","PMID32929369;P12"
"chr12",81719571,"C","T","PMID32929369;P12"
"chr13",23910511,"G","A","PMID32929369;P12"
"chr14",35253056,"A","T","PMID32929369;P12"
"chr14",62550978,"C","T","PMID32929369;P12"
"chr15",101445754,"C","G","PMID32929369;P12"
"chr15",90610772,"C","T","PMID32929369;P12"
"chr16",84485544,"G","A","PMID32929369;P12"
"chr17",18039878,"G","T","PMID32929369;P12"
"chr17",18167119,"C","T","PMID32929369;P12"
"chr17",2966203,"C","G","PMID32929369;P12"
"chr17",37340094,"G","C","PMID32929369;P12"
"chr17",4858720,"C","T","PMID32929369;P12"
"chr17",7578370,"C","T","PMID32929369;P12"
"chr18",42531716,"C","T","PMID32929369;P12"
"chr19",13941133,"C","T","PMID32929369;P12"
"chr19",31039782,"G","A","PMID32929369;P12"
"chr19",32845577,"A","G","PMID32929369;P12"
"chr19",37039188,"A","G","PMID32929369;P12"
"chr19",39410406,"C","T","PMID32929369;P12"
"chr19",52941645,"C","G","PMID32929369;P12"
"chr19",56953819,"C","T","PMID32929369;P12"
"chr19",57036187,"C","G","PMID32929369;P12"
"chr19",7685199,"G","A","PMID32929369;P12"
"chr19",9922347,"G","C","PMID32929369;P12"
"chr22",45182355,"C","T","PMID32929369;P12"
"chr22",50878452,"G","A","PMID32929369;P12"
"chr2",44014370,"G","C","PMID32929369;P12"
"chr3",19479667,"G","A","PMID32929369;P12"
"chr3",20141433,"C","G","PMID32929369;P12"
"chr3",58512313,"C","T","PMID32929369;P12"
"chr4",160244750,"C","T","PMID32929369;P12"
"chr4",164449976,"A","T","PMID32929369;P12"
"chr4",2087389,"C","A","PMID32929369;P12"
"chr4",39918759,"G","A","PMID32929369;P12"
"chr4",48514674,"C","A","PMID32929369;P12"
"chr5",13839480,"G","A","PMID32929369;P12"
"chr5",140554245,"C","T","PMID32929369;P12"
"chr5",141248312,"C","T","PMID32929369;P12"
"chr5",176722078,"T","G","PMID32929369;P12"
"chr5",180057304,"G","A","PMID32929369;P12"
"chr5",90083966,"G","A","PMID32929369;P12"
"chr6",11190811,"C","A","PMID32929369;P12"
"chr6",394896,"C","T","PMID32929369;P12"
"chr6",82461436,"G","T","PMID32929369;P12"
"chr7",130027675,"T","A","PMID32929369;P12"
"chr7",2565084,"C","A","PMID32929369;P12"
"chr7",57510011,"G","A","PMID32929369;P12"
"chr7",72718355,"G","A","PMID32929369;P12"
"chr8",136619199,"A","G","PMID32929369;P12"
"chr8",19221709,"G","A","PMID32929369;P12"
"chr8",70591772,"C","G","PMID32929369;P12"
"chr9",117846715,"G","A","PMID32929369;P12"
"chr9",136320677,"C","T","PMID32929369;P12"
"chr9",21971068,"A","G","PMID32929369;P12"
"chrX",101910744,"C","G","PMID32929369;P12"
"chrX",112021809,"C","T","PMID32929369;P12"
"chr10",102743810,"C","A","PMID32929369;P13"
"chr10",104130236,"G","A","PMID32929369;P13"
"chr10",115639361,"A","G","PMID32929369;P13"
"chr10",124459137,"G","C","PMID32929369;P13"
"chr11",1075703,"C","A","PMID32929369;P13"
"chr1",169961373,"C","A","PMID32929369;P13"
"chr11",7716357,"G","T","PMID32929369;P13"
"chr1",185060750,"C","T","PMID32929369;P13"
"chr1",19992548,"T","C","PMID32929369;P13"
"chr1",228335368,"G","A","PMID32929369;P13"
"chr1",231830549,"G","A","PMID32929369;P13"
"chr1",243468067,"T","G","PMID32929369;P13"
"chr12",48528727,"C","T","PMID32929369;P13"
"chr1",33958883,"G","T","PMID32929369;P13"
"chr1",38227094,"C","T","PMID32929369;P13"
"chr13",96293710,"C","T","PMID32929369;P13"
"chr1",40769219,"C","T","PMID32929369;P13"
"chr14",103804741,"G","A","PMID32929369;P13"
"chr14",20389657,"G","A","PMID32929369;P13"
"chr14",23992712,"C","T","PMID32929369;P13"
"chr14",73720568,"G","A","PMID32929369;P13"
"chr14",75485569,"G","A","PMID32929369;P13"
"chr16",17228582,"C","T","PMID32929369;P13"
"chr16",20483000,"G","T","PMID32929369;P13"
"chr16",30128181,"C","T","PMID32929369;P13"
"chr16",4410279,"C","T","PMID32929369;P13"
"chr16",67974339,"T","C","PMID32929369;P13"
"chr16",70365662,"C","A","PMID32929369;P13"
"chr16",82069104,"C","A","PMID32929369;P13"
"chr17",39190779,"T","C","PMID32929369;P13"
"chr17",40825688,"C","T","PMID32929369;P13"
"chr17",42744499,"C","A","PMID32929369;P13"
"chr17",65116606,"A","T","PMID32929369;P13"
"chr17",7226413,"G","A","PMID32929369;P13"
"chr17",7579389,"GGGAA","G","PMID32929369;P13"
"chr17",76421469,"G","C","PMID32929369;P13"
"chr1",84945112,"C","A","PMID32929369;P13"
"chr19",15852336,"T","G","PMID32929369;P13"
"chr19",40224976,"G","T","PMID32929369;P13"
"chr19",49206870,"C","A","PMID32929369;P13"
"chr19",53643875,"G","T","PMID32929369;P13"
"chr19",56538438,"G","A","PMID32929369;P13"
"chr19",58601477,"C","T","PMID32929369;P13"
"chr19",9362103,"G","T","PMID32929369;P13"
"chr20",39317199,"C","T","PMID32929369;P13"
"chr20",57769238,"C","T","PMID32929369;P13"
"chr21",46914466,"C","T","PMID32929369;P13"
"chr2",206364630,"A","G","PMID32929369;P13"
"chr22",19969560,"C","T","PMID32929369;P13"
"chr22",38021892,"G","T","PMID32929369;P13"
"chr2",27717282,"G","A","PMID32929369;P13"
"chr2",43776484,"T","A","PMID32929369;P13"
"chr2",43776485,"C","A","PMID32929369;P13"
"chr3",123987848,"G","T","PMID32929369;P13"
"chr3",124114171,"G","A","PMID32929369;P13"
"chr3",38169317,"G","A","PMID32929369;P13"
"chr4",169819704,"A","G","PMID32929369;P13"
"chr4",96140390,"C","T","PMID32929369;P13"
"chr5",140581628,"A","G","PMID32929369;P13"
"chr6",46658045,"C","T","PMID32929369;P13"
"chr6",51612679,"C","G","PMID32929369;P13"
"chr7",100348499,"G","A","PMID32929369;P13"
"chr7",107745012,"C","G","PMID32929369;P13"
"chr7",132169654,"G","T","PMID32929369;P13"
"chr7",150644057,"C","T","PMID32929369;P13"
"chr8",65509309,"C","A","PMID32929369;P13"
"chr9",119094711,"C","A","PMID32929369;P13"
"chr9",73225581,"C","A","PMID32929369;P13"
"chrX",110494843,"T","C","PMID32929369;P13"
"chrX",119004988,"A","T","PMID32929369;P13"
"chrX",54321110,"A","C","PMID32929369;P13"
"chr10",64953211,"G","C","PMID32929369;P14"
"chr10",70547981,"A","G","PMID32929369;P14"
"chr11",56237921,"C","T","PMID32929369;P14"
"chr11",64761957,"C","T","PMID32929369;P14"
"chr1",185964162,"T","C","PMID32929369;P14"
"chr12",109692140,"G","T","PMID32929369;P14"
"chr12",27128438,"G","C","PMID32929369;P14"
"chr12",5154610,"G","T","PMID32929369;P14"
"chr12",55886520,"G","A","PMID32929369;P14"
"chr12",6704561,"T","A","PMID32929369;P14"
"chr1",33359398,"G","A","PMID32929369;P14"
"chr1",41304044,"C","T","PMID32929369;P14"
"chr14",81223241,"T","G","PMID32929369;P14"
"chr15",90347553,"G","T","PMID32929369;P14"
"chr17",46620645,"C","G","PMID32929369;P14"
"chr19",40366243,"C","A","PMID32929369;P14"
"chr2",220404221,"C","A","PMID32929369;P14"
"chr2",61441365,"G","A","PMID32929369;P14"
"chr2",64322396,"T","C","PMID32929369;P14"
"chr3",13525014,"G","T","PMID32929369;P14"
"chr3",42955845,"G","C","PMID32929369;P14"
"chr3",4355092,"A","T","PMID32929369;P14"
"chr3",53736685,"G","C","PMID32929369;P14"
"chr4",154237054,"G","T","PMID32929369;P14"
"chr6",144263771,"G","A","PMID32929369;P14"
"chr6",56966594,"G","A","PMID32929369;P14"
"chr7",92083856,"A","T","PMID32929369;P14"
"chr9",19049683,"A","T","PMID32929369;P14"
"chrY",2734859,"C","A","PMID32929369;P14"
